{"stats":{"minecraft:mined":{"minecraft:tuff":1,"minecraft:white_bed":1,"minecraft:deepslate_diamond_ore":12,"minecraft:smoker":1,"minecraft:cave_vines_plant":6,"minecraft:clay":1,"minecraft:crafting_table":5,"minecraft:torch":1,"minecraft:short_grass":14,"minecraft:acacia_log":9,"minecraft:grass_block":2,"minecraft:copper_ore":1,"minecraft:tall_grass":5,"minecraft:deepslate_gold_ore":1,"minecraft:moss_block":1,"minecraft:sandstone":17,"minecraft:diorite":1,"minecraft:wall_torch":3,"minecraft:rooted_dirt":62,"minecraft:spawner":1,"minecraft:raw_iron_block":2,"minecraft:furnace":2,"minecraft:cobbled_deepslate":1,"minecraft:iron_ore":13,"minecraft:andesite":3,"minecraft:oak_log":13,"minecraft:coal_ore":4,"minecraft:flowering_azalea_leaves":2,"minecraft:cave_vines":17,"minecraft:deepslate_iron_ore":7,"minecraft:sand":2,"minecraft:gravel":2,"minecraft:dirt":4,"minecraft:azalea_leaves":5,"minecraft:stone":59,"minecraft:gold_ore":1,"minecraft:deepslate":23},"minecraft:custom":{"minecraft:interact_with_furnace":11,"minecraft:mob_kills":42,"minecraft:interact_with_crafting_table":14,"minecraft:leave_game":2,"minecraft:time_since_death":45186,"minecraft:sleep_in_bed":1,"minecraft:climb_one_cm":44,"minecraft:time_since_rest":32948,"minecraft:sprint_one_cm":105411,"minecraft:damage_taken":1077,"minecraft:walk_one_cm":100666,"minecraft:drop":18,"minecraft:damage_dealt":5788,"minecraft:fly_one_cm":107734,"minecraft:open_chest":2,"minecraft:play_time":45186,"minecraft:crouch_one_cm":5511,"minecraft:sneak_time":2224,"minecraft:walk_under_water_one_cm":2285,"minecraft:jump":792,"minecraft:walk_on_water_one_cm":6169,"minecraft:total_world_time":45186,"minecraft:interact_with_smoker":9,"minecraft:fall_one_cm":22808},"minecraft:crafted":{"minecraft:cooked_beef":18,"minecraft:oak_planks":36,"minecraft:cooked_porkchop":19,"minecraft:crafting_table":1,"minecraft:wooden_pickaxe":1,"minecraft:iron_helmet":1,"minecraft:iron_sword":1,"minecraft:furnace":3,"minecraft:bucket":1,"minecraft:stone_axe":1,"minecraft:cooked_mutton":4,"minecraft:air":0,"minecraft:iron_boots":1,"minecraft:iron_chestplate":1,"minecraft:iron_axe":1,"minecraft:stick":24,"minecraft:iron_ingot":39,"minecraft:iron_pickaxe":1,"minecraft:stone_pickaxe":2,"minecraft:stone_sword":1,"minecraft:iron_leggings":1,"minecraft:white_bed":1,"minecraft:acacia_planks":32,"minecraft:torch":64,"minecraft:smoker":1},"minecraft:killed":{"minecraft:pig":9,"minecraft:skeleton":7,"minecraft:sheep":6,"minecraft:zombie":9,"minecraft:cow":11},"minecraft:picked_up":{"minecraft:crafting_table":5,"minecraft:clay_ball":8,"minecraft:andesite":3,"minecraft:leather":8,"minecraft:smoker":1,"minecraft:tuff":1,"minecraft:oak_log":13,"minecraft:string":2,"minecraft:dirt":6,"minecraft:moss_carpet":6,"minecraft:raw_copper":21,"minecraft:bone":1,"minecraft:bow":1,"minecraft:wheat_seeds":3,"minecraft:cobbled_deepslate":24,"minecraft:raw_gold":2,"minecraft:iron_ingot":2,"minecraft:beef":18,"minecraft:azalea":8,"minecraft:moss_block":1,"minecraft:flowering_azalea":2,"minecraft:furnace":2,"minecraft:stick":6,"minecraft:raw_iron":74,"minecraft:sandstone":17,"minecraft:torch":8,"minecraft:acacia_log":8,"minecraft:raw_iron_block":2,"minecraft:gravel":2,"minecraft:porkchop":19,"minecraft:sand":2,"minecraft:diorite":1,"minecraft:white_bed":1,"minecraft:arrow":3,"minecraft:rotten_flesh":9,"minecraft:diamond":28,"minecraft:rooted_dirt":62,"minecraft:glow_berries":8,"minecraft:mutton":8,"minecraft:coal":155,"minecraft:white_wool":6,"minecraft:cobblestone":60},"minecraft:dropped":{"minecraft:moss_carpet":6,"minecraft:stone_axe":1,"minecraft:wheat_seeds":3,"minecraft:stone_sword":1,"minecraft:raw_copper":21,"minecraft:clay_ball":8,"minecraft:azalea":8,"minecraft:flowering_azalea":2,"minecraft:wooden_pickaxe":1,"minecraft:stone_pickaxe":1},"minecraft:broken":{"minecraft:stone_pickaxe":1},"minecraft:used":{"minecraft:moss_block":1,"minecraft:water_bucket":3,"minecraft:diorite":1,"minecraft:stone_sword":78,"minecraft:stone_pickaxe":101,"minecraft:wooden_pickaxe":10,"minecraft:sandstone":17,"minecraft:iron_sword":67,"minecraft:torch":67,"minecraft:dirt":6,"minecraft:sand":2,"minecraft:mutton":4,"minecraft:crafting_table":5,"minecraft:white_bed":1,"minecraft:tuff":1,"minecraft:axolotl_bucket":2,"minecraft:smoker":1,"minecraft:iron_axe":3,"minecraft:rooted_dirt":62,"minecraft:iron_pickaxe":50,"minecraft:gravel":2,"minecraft:stone_axe":18,"minecraft:cobblestone":22,"minecraft:furnace":2,"minecraft:andesite":3,"minecraft:bucket":6,"minecraft:cooked_beef":11,"minecraft:cobbled_deepslate":23}},"DataVersion":3700}